Movie Title,Movie ID
Black Panther,1
Once upon a time in Hollywood,2
The Tribe,3
Lincoln,4
Personal Shopper,5
"Black Coal, Thin Ice",6
Hereditary,7
Amour,8
Elena,9
I am not your Negro,10
Call me by your Name,11
First Reformed,12
Zama,13
45 Years,14
We are the best,15
Tangerine,16
You were never really here,17
The Lobster,18
No,19
Meek's Cutoff,20
The Grand Budapest Hotel,21
Zero Dark Thirty,22
Spring Breakers,23
Cold War,24
Uncle Boonmee Who Can Recall His Past Lives,25
Selma,26
The Act of Killing,27
Dunkirk,28
Lady Bird,29
Burning,30
The Irishman,31
Anomalisa,32
Under the Skin,33
Winter's Bone,34
12 Year's a Slave,35
Faces Places,36
Inside Llewyln Davis,37
A Separation,38
Parasite,39
Phantom Thread,40
Carol,41
Mad Max: Fury Road,42
Roma,43
The Master,44
Toni Erdmann,45
Get Out,46
Boyhood,47
Holy Motors,48
The Social Network,49
Moonlight,50
Children of Men,51
25th Hour,52
The Hurt Locker,53
Michael Clayton,54
Pan's Labyrinth,55
There will be blood,56
Boyhood,57
"4 months, 3 weeks and 2 days",58
Old joy,59
Eternal sunshine of the spotless mind,60
hunger,61
you can count on me,62
no country for old men,63
I'm not there,64
minority report,65
mudbound,66
Spotlight,67
Son of Saul,68
Stories we tell,69
The fog of war,70
The royal tenenbaums,71
spirited away,72
Moulin Rouge,73
The Devil Wears Prada,74
Gladiator,75
Sin City,76
The Sisterhood of the Travelling Pants,77
The Hangover,78
Pirates of the Caribbean: The Curse of the Black Pearl,79
Requiem for a Dream,80
Oldeuboi,81
Tropic Thunder,82
Bridget Jones's Diary,83
Harry Potter and the Sorcerer's Stone,84
Love and Basketball,85
Barbershop,86
Ocean's Eleven,87
Fahrenheit 9/11,88
Avatar,89
Elf,90
Mulholland Drive,91
Serenity,92
Paranormal Activity,93
Walk the Line,94
In Bruges,95
Mean Girls,96
Erin Brockovich,97
Kill Bill: Volume 1,98
500 days of Summer,99
Bend it like Beckham,100
Billy Elliot,101
The Descent,102
Garden State,103
Collateral,104
Inside Man,105
Superbad,106
Donnie Darko,107
Heathers,108
Broken Flowers,109
Brokeback Mountain,110
Inglourious Basterds,111
Shrek,112
Coraline,113
Zodiac,114
School of Rock,115
Million Dollar Baby,116
Slumdog Millionaire,117
The Departed,118
Lord of the Rings: The Fellowship of the Ring,119
Star Wars: Episode 4,120
Memento,121
The Bourne Ultimatum,122
Shaun of the Dead,123
Spider-Man 2,124
Iron Man,125
The Dark Knight,126
Spy Kids,127
Casino Royale,128
Star Trek,129
Juno,130
WALL-E,131
Persepolis,132
Chicken Run,133
The Incredibles,134
Up,135
Finding Nemo,136